C-CHJB-7A26JC51UC,제빵 특허왕
C-CHJB-MG1850NP6F,디저트 마초
C-CHJB-CG0FR8HZP2,물 오른 제빵사
C-CHJB-PYHR1L1TG7,방앗간 빵쟁이
C-CHJB-HC8609NZKO,제주도 파란리본 부자
C-CHJB-93IU7C8NQ7,세종맘 핫플
C-CHJB-68DTT63TK2,이바컵 2호
C-CHJB-4O2T36927A,여주 자연인
C-CHJB-Z8ZJO3A49G,대전 또 갈 집
C-CHJB-WPJMO1WID2,성수동 성공신화
C-CHJB-9LF6KREP3K,연탄식빵 창시자
C-CHJB-5BQGM1B3V8,완판의 달인
C-CHJB-P17WJ9EADF,파인다이닝 제빵사
C-CHJB-8MVNDCW2TL,춘천 싹쓸이
C-CHJB-8E6ZJZJ0EI,연남동 빵 터진 집
C-CHJB-MEQ0I5YZ5N,디저트 조각가
C-CHJB-HQSNB236P2,노래하는 제빵사
C-CHJB-DH2P120800,아메리칸 치킨 셰프
C-CHJB-PREWZHAI73,소금빵 탑티어
C-CHJB-MP7RVMVI7K,국대급 셰프
C-CHJB-7K9F7ABDRS,제빵 스캐너
C-CHJB-6XP6AKTMG4,자카르타 No.1
C-CHJB-2IY1FG7MXP,슈퍼 DNA
C-CHJB-BTJXRQY7GH,북한산 정상 빵집
C-CHJB-89W0HYL5X9,중국에서 온 제빵사
C-CHJB-YBB4D9XGK4,경찰 파티시에
C-CHJB-WD5EAYB3GW,황리단길 1억 사장
C-CHJB-5WCROYA4CO,쌀친자
C-CHJB-N19HACO0IG,제빵 패밀리
C-CHJB-DWSGP6YEZ0,크레이지 파티시에
C-CHJB-NUT9MO14D5,까놀리 왕자
C-CHJB-5ULHZMYK13,카리나 PICK!
C-CHJB-8JBW1500TF,여의도 카우보이
C-CHJB-KRMTMIWA19,명장할 용기
C-CHJB-0OMX4PE2PN,디저트 궤도
C-CHJB-6J0MVAVYSA,고덕한 제빵사
C-CHJB-K6DPT2U3NI,우즈벡 화덕 사나이
C-CHJB-ZOQ034GWZW,광장시장 갈릭 여신
C-CHJB-73W26R8ZCN,전주 3대 빵집
C-CHJB-RFWVLY0SYO,잠실 만겹남
C-CHJB-LONLXH3UNH,홍대 터줏대감
C-CHJB-2PQ8NFD8IN,베이킹 티처
C-CHJB-0K3QXTHUS9,초코 디바
C-CHJB-RULIM49TAE,명품 밀푀유
C-CHJB-73H1XWEWEK,하이엔드 디저트
C-CHJB-9479JD8D7S,40년 빵가의 자손
C-CHJB-AIS9VUL7Z8,5성급 파티시에
C-CHJB-5FC3NJ20GQ,제빵 특허왕
C-CHJB-CM2WMYQ1EZ,디저트 마초
C-CHJB-1YYNW107JN,물 오른 제빵사
C-CHJB-FHA7WXK79V,방앗간 빵쟁이
C-CHJB-PKB9RGZAVT,제주도 파란리본 부자
C-CHJB-7WSC2IM6XX,세종맘 핫플
C-CHJB-U7MCDOBVVK,이바컵 2호
C-CHJB-39DO1OV2F2,여주 자연인
C-CHJB-26H9PNIJ2I,크친자
C-CHJB-W37DEY3H71,망원동 빵대장
C-CHJB-4LNM8NCSU8,프랑스 루키
C-CHJB-R0U5HEGVEI,대전 또 갈 집
C-CHJB-V5C1LRVCEF,성수동 성공신화
C-CHJB-IUGNJKJQLP,연탄식빵 창시자
C-CHJB-CXFYVL1NYJ,괴짜 파티시에
C-CHJB-6U0G40OYT9,완판의 달인
C-CHJB-20M2X0CNFK,파인다이닝 제빵사
C-CHJB-Q3NCIU17KW,파리지엔느 셰프
C-CHJB-IBJPUPR9UW,춘천 싹쓸이
C-CHJB-1PIDMNS9HE,연남동 빵 터진 집
C-CHJB-UAD6RMUYOJ,디저트 조각가
C-CHJB-YQNTKC1VKY,노래하는 제빵사
C-CHJB-GTOM0JTDHZ,프랑스 루키
C-CHJB-PKX4SZVGZD,가문의 찐빵
C-CHJB-R8IAIIL4NQ,아메리칸 치킨 셰프
C-CHJB-BAGUZFK0WC,5성급 파티시에
C-CHJB-3MH5FFFFC3,노래하는 제빵사
C-CHJB-YKJB93USF0,도넛의 여왕
C-CHJB-B7PKWZLNQV,자카르타 No.1
C-CHJB-5NEZXJHTAQ,전주 맛집 옆집 빵집
C-CHJB-KU8Z4DYX9L,고덕한 제빵사
C-CHJB-7YCFK5KHNO,초코 디바
C-CHJB-3SZQY3XFPR,소금빵 탑티어
C-CHJB-1VO28IY7CQ,이바컵 1호
C-CHJB-0Y913CKI3T,톱모델 빵집 사장
C-CHJB-86IPT4IBM4,국대급 셰프
C-CHJB-J1Q65PCW2W,도넛의 여왕
C-CHJB-8XT1WWIU0M,제빵 스캐너
C-CHJB-0GYX3LI0PH,자카르타 No.1
C-CHJB-SJQCA46QSZ,슈퍼 DNA
C-CHJB-5S5YP20R80,북한산 정상 빵집
C-CHJB-VEN4UZKS6B,응답하라! 부부 빵집
C-CHJB-7UDB4JLA72,중국에서 온 제빵사
C-CHJB-Z4IIJTD295,경찰 파티시에
C-CHJB-CMLYSRCY85,쌀친자
C-CHJB-G7NVZWORSS,제빵 패밀리
C-CHJB-2E64X76EXC,이바컵 3호
C-CHJB-HG7ZPNFHJP,크레이지 파티시에
C-CHJB-QWWVBSXRO3,까놀리 왕자
C-CHJB-AWZWR5SDSJ,카리나 PICK!
C-CHJB-6ILQTKCUFM,제빵계 에디슨
C-CHJB-7FWH6YZ3WQ,여의도 카우보이
C-CHJB-VGNSO8N9JV,명장할 용기
C-CHJB-ML0Z1N7MBZ,타르트 원탑
C-CHJB-8CR122RDKV,디저트 궤도
C-CHJB-DBMMF4P7XM,고덕한 제빵사
C-CHJB-ATP64DLQVZ,우즈벡 화덕 사나이
C-CHJB-QD7VRS73WU,광장시장 갈릭 여신
C-CHJB-S62ZEU9PW2,잠실 만겹남
C-CHJB-I1D4H0WMOS,빵 굽는 아나운서
C-CHJB-2USPX2HKZU,홍대 터줏대감
C-CHJB-UXI10P8GH2,베이킹 티처
C-CHJB-Y6TG3VWP70,하트 제조기
C-CHJB-C7EXVK2RFJ,초코 디바
C-CHJB-DD7EHS3YVN,명품 밀푀유
C-CHJB-97WBRE2C3R,하이엔드 디저트
C-CHJB-FNTVNTCRW6,40년 빵가의 자손
C-CHJB-X7R9DB0QOU,괴짜 파티시에
C-CHJB-HJY09TNI0P,생활의 달인
C-CHJB-E6CO8ZVNGG,5성급 파티시에
C-CHJB-OU4INCTL9R,톱모델 빵집 사장
C-CHJB-O010LKWZO6,여수 오 마이 갓
C-CHJB-XBF3LBW62J,파리지엔느 셰프
C-CHJB-V7PXMW40VQ,이바컵 1호
C-CHJB-JO2J6B4PX1,도넛의 여왕
C-CHJB-VV315EKE6B,프랑스 루키
C-CHJB-1HYA0PLJ2Y,흑백 파티시에
C-CHJB-QNH4GVTGTN,전주 맛집 옆집 빵집
C-CHJB-00FG29GQEB,응답하라! 부부 빵집
C-CHJB-E6A880E63I,쓰리스타 제빵사
C-CHJB-QAZ0QTG9IW,이바컵 3호
C-CHJB-R6Z79FO9L8,제빵계 에디슨
C-CHJB-42UNPIPFW9,타르트 원탑
C-CHJB-G9SRNN7Q9T,퇴근 후 제빵왕
C-CHJB-YOQVCTJ9KY,영재 파티시에
C-CHJB-SAVT9K6FCK,하트 제조기
C-CHJB-AT3FS5EODZ,연남동 버터남
C-CHJB-6JD004ZB02,김종우
C-CHJB-NYHQGU3NRV,서용석
C-CHJB-RC8OJFODLB,크친자
C-CHJB-CG6QDIRHS4,장경주
C-CHJB-2OZJ7X7ZPV,김원겸
C-CHJB-YJPMF0T1MK,칼라 율스
C-CHJB-48EY0PGEI5,임동석
C-CHJB-K4FAEQFLOM,파리지엔느 셰프&프랑스 쿠키
C-CHJB-Z16AFY3XJQ,망원동 빵대장
C-CHJB-QX6BMV8HTA,전주 3대 빵집
C-CHJB-SBBVNFMZMR,크친자
C-CHJB-ZEACM2N2NE,망원동 빵대장
C-CHJB-HNBQW8ADI7,기용남
C-CHJB-YWVD7HHHD3,대전 또 갈 집
C-CHJB-15FF6ZFVN6,성수동 성공신화
C-CHJB-VGSUAJARYB,연탄식빵 창시자
C-CHJB-GIHT1ESZN5,권순승
C-CHJB-NAUXUBWPQB,구자홍
C-CHJB-CI06UL202N,곽동욱
C-CHJB-8ZGS4KLGMH,기용남
C-CHJB-T3N6DXN4IG,완판의 달인
C-CHJB-9SCJ64S45O,권순승
C-CHJB-7WQT1A85J9,구자홍
C-CHJB-5VDA4UEHB9,곽동욱
C-CHJB-MFBYBQPFRD,고제욱
C-CHJB-SR6R9D640L,파인다이닝 제빵사
C-CHJB-ATSBBGEK91,연남동 빵 터진 집
C-CHJB-1QQ49JES7F,디저트 조각가
C-CHJB-5LPW47CK84,가문의 찐빵
C-CHJB-7MPAR93SLC,빵 굽는 아나운서
C-CHJB-6Y9RDDXSXL,퇴근 후 제빵왕
C-CHJB-XSGHBYIURA,불굴의 파티시에
C-CHJB-6L7DIQPFNH,알레시오 갈리
C-CHJB-ZW5V1NQWW7,전주 3대 빵집
C-CHJB-IGYOIG4MMI,괴짜 파티시에
C-CHJB-PNMK3OUDCE,생활의 달인
C-CHJB-3VDT3OE6XK,제빵 특허왕
C-CHJB-HEL12C9KSQ,디저트 마초
C-CHJB-LA6ME2CNKI,물 오른 제빵사
C-CHJB-USXZLND2MG,방앗간 빵쟁이
C-CHJB-AGRXUJJGOX,제주도 파란리본 부자
C-CHJB-V4IMG8RLSX,세종맘 핫플
C-CHJB-V8H4Y8ZBUE,이바컵 2호
C-CHJB-E43Z53NXY6,정민&Clement Bosch
C-CHJB-0N2IXU1907,김담현
C-CHJB-7QR8KR8LYT,최지혜
C-CHJB-HZ2RZ1FPOG,김영식
C-CHJB-4QIMKSLJ33,임채익
C-CHJB-TOC4ZHDDDV,황지오
C-CHJB-FQZY3FXLQJ,정민
C-CHJB-ENCE40UA01,나수지
C-CHJB-77JTY0UZGS,김규린 2
C-CHJB-3O4EDF188A,오승근
C-CHJB-23XAFGJLWN,이준욱
C-CHJB-CY9759YSC3,김태훈
C-CHJB-3IR3LSEZ27,정지영
C-CHJB-T065UXH5DI,방준호
C-CHJB-ZLPNOA3BY7,조상민
C-CHJB-88CYXRFQFM,남정석
C-CHJB-7KLEFFQQ14,정태채
C-CHJB-BM34X5F6GC,유진호
C-CHJB-FAKUJY4RX2,오세성
C-CHJB-46QHWPBEI5,김영인
C-CHJB-3ENBOJT44G,윤화영
C-CHJB-ZSRY9HX7MT,이홍규
C-CHJB-E58O16VW05,이경민
C-CHJB-JSO7DQFMD5,이혜성
C-CHJB-5QQU93J03F,김정은
C-CHJB-QR7Y1N6SOY,김지영
C-CHJB-FKIARILF4H,조송아
C-CHJB-7000ST5Q9N,손성필
C-CHJB-TK2G8Y2SWW,박명수
C-CHJB-9U423LR268,이용기
C-CHJB-67XT7YLWD3,김인석
C-CHJB-MI15GEGZL4,Clement Bosch
C-CHJB-PE3C0I2M4J,정남미
C-CHJB-DVKK7VB6GU,윤연중
C-CHJB-EOL3UGNWZA,김선용
C-CHJB-VVFEQHHKDE,박둘선
C-CHJB-X232QLX5BF,문방글
C-CHJB-QKPY71T5CC,임훈
C-CHJB-6BJFUWYUEO,이경무
C-CHJB-J0HGVZJ1TP,천필순
C-CHJB-44A71G59TR,최정훈
C-CHJB-9T8XDECWBU,남윤경
C-CHJB-UTJG2FBRVY,나예슬
C-CHJB-MQDVQQ95WK,김은희
C-CHJB-O1L1QMFT6Q,김명강
C-CHJB-73J7LX9RXC,이상호
C-CHJB-N8P2HYV2CQ,성민수
C-CHJB-85QFN0BR5H,김진서
C-CHJB-8JBYY7839O,제인영
C-CHJB-CV0WUDJUFT,홍문섭
C-CHJB-JWXHVZGH1N,안병태
C-CHJB-AWKHP22BWE,장보미
C-CHJB-E6RWOM0WMZ,김시엽
C-CHJB-41DZZAUBKG,김지호
C-CHJB-S5D76YVPPJ,정정훈
C-CHJB-FN537CDIHT,김구영
C-CHJB-ZH4OUUE6T4,윤종찬
C-CHJB-Y4LEQQ6CUW,김명준
C-CHJB-TIS5O7BQXK,아메리칸 치킨 셰프
C-CHJB-U3XVXMR0LK,빵 굽는 아나운서
C-CHJB-Z3G38K1WKP,소금빵 탑티어
C-CHJB-H42DHTXZM6,이바컵 1호
C-CHJB-SOFUOHS8YN,국대급 셰프
C-CHJB-DNDHZWIHUQ,흑백 파티시에
C-CHJB-LA6P1AKHSS,제빵 스캐너
C-CHJB-0Z7VEYNS29,슈퍼 DNA
C-CHJB-Q192O6RZ5V,북한산 정상 빵집
C-CHJB-ZYYGSGBKYU,응답하라! 부부 빵집
C-CHJB-YM525U0XPE,경찰 파티시에
C-CHJB-EHLIKRRICL,황리단길 1억 사장
C-CHJB-NG7BDPPUEO,쌀친자
C-CHJB-9PZA4P9AKX,제빵 패밀리
C-CHJB-XJINGXHA1A,쓰리스타 제빵사
C-CHJB-YGTJNS8Z54,이바컵 3호
C-CHJB-SM1ZAU6778,크레이지 파티시에
C-CHJB-PZCDG5F8DL,까놀리 왕자
C-CHJB-JQXJD4CJUO,카리나 PICK!
C-CHJB-7OXVBGXEPG,제빵계 에디슨
C-CHJB-64GLEWPGYT,여의도 카우보이
C-CHJB-IDST98JS90,명장할 용기
C-CHJB-LBNKSMQTV8,타르트 원탑
C-CHJB-F18BP5VIFK,디저트 궤도
C-CHJB-ZRJEDUW8R5,우즈벡 화덕 사나이
C-CHJB-05CF1W2CGS,불굴의 파티시에
C-CHJB-JGCHBHD5UW,퇴근 후 제빵왕
C-CHJB-1M0BCHO4PU,광장시장 갈릭 여신
C-CHJB-M4PGO81JSN,영재 파티시에
C-CHJB-A3F2XHY6K9,잠실 만겹남
C-CHJB-ZLXPDP832G,홍대 터줏대감
C-CHJB-MV3O7MFAQJ,베이킹 티처
C-CHJB-WPN63ANF2O,하트 제조기
C-CHJB-P5G58WQKLU,명품 밀푀유
C-CHJB-RA96FRFF8M,하이엔드 디저트
C-CHJB-9RXFSEAJ3D,40년 빵가의 자손
C-CHJB-YMYUB421E0,여수 오 마이 갓
C-CHJB-55S378KIB4,춘천 싹쓸이
C-CHJB-Z87NL8376Q,가문의 찐빵
C-CHJB-1MVJ6I2K29,생활의 달인
C-CHJB-6IP78SP3BG,연남동 버터남
C-CHJB-E5A2UB5LZZ,파리지엔느 셰프
C-CHJB-1JPQ9IW0P2,파리지엔느 셰프
C-CHJB-H0JWSWOX8K,흑백 파티시에
C-CHJB-8D145EK61O,전주 맛집 옆집 빵집
C-CHJB-ZRX43LQHJR,쓰리스타 제빵사
C-CHJB-OREGO71G0R,불굴의 파티시에
C-CHJB-LO4B27C2KF,영재 파티시에
C-CHJB-I5P9AL8243,황리단길 1억 사장
C-CHJB-OTFOOPD7EF,제빵돌
C-CHJB-LS1ORXE8ES,프랑스 루키
